Workbook

Sheet Inputs
A1: Rack Purchase Calculator — Inputs
A3: Slim-16 racks (count) | B3: 0
A4: Tall-20 racks (count) | B4: 0
A6: LED power per level (W) | B6: 12
A7: Max racks ON simultaneously (for pump sizing) | B7: 2

Sheet PerRack_BOM
A1: Category | B1: Item | C1: Spec | D1: Qty | E1: Notes
A2: Frame | B2: Uprights | C2: Aluminum angle 1.5"x1.5"x1/8" | D2: 4 | E2: 68" tall
A3: Frame | B3: Base rectangle | C3: Al angle 1.5"x1.5"x1/8" | D3: 4 | E3: (2)×25.5" + (2)×18.8"
A4: Frame | B4: Top rectangle | C4: Al angle 1.5"x1.5"x1/8" | D4: 4 | E4: (2)×25.5" + (2)×18.8"
A5: Slides | B5: Tray slide angles | C5: Al angle 1"x1"x1/16" | D5: 32 | E5: 23.0" long; two per level
A6: Bracing | B6: Mid cross braces | C6: Al flat 1.5"x1/8" | D6: 2 | E6: 18.5" (front & rear)
A7: Stops | B7: Rear tray stops | C7: Al flat 1"x1/8" | D7: 16 | E7: 15.5" (optional)
A8: Casters | B8: Swivel (2 lock, 2 swivel) | C8: 5" TPR, top-plate | D8: 4 | E8: ≥250 lb each
A9: Lighting | B9: LED bars (IP65) | C9: 20–22"; 12–18 W; 24 VDC | D9: 16 | E9: One per level
A10: Lighting | B10: Angle brackets | C10: 15° tilt, SS low-profile | D10: 16 | E10: Mount to underside of slide above (front)
A11: Lighting | B11: Wiring harness | C11: 24 VDC trunk + QD | D11: 1 | E11: 16 taps
A12: Irrigation | B12: Rear rail/level | C12: 1/4" poly + 3 misters | D12: 16 | E12: Anti-drip 7–10 L/hr @ 30–40 psi
A13: Irrigation | B13: Vertical header | C13: 1/2" PEX or PVC | D13: 1 | E13: Feeds all levels
... A19: Electrical | B19: Power supply | C19: 24 VDC 240–320 W | D19: 1 | E19: Size to LED choice
A20: Fasteners | B20: Rivets/bolts | C20: SS assorted | D20: ~220 | E20: Slides/LED/braces/casters
A21: Labels | B21: Channel/clip labels | C21: Tray ID holders | D21: 16 | E21: Optional
A22: ---
A23: Category | B23: Item | C23: Spec | D23: Qty | E23: Notes
A24: Frame | B24: Uprights | C24: Aluminum angle 1.5"x1.5"x1/8" | D24: 4 | E24: 82" tall
A25: Frame | B25: Base rectangle | C25: Al angle 1.5"x1.5"x1/8" | D25: 4 | E25: (2)×25.5" + (2)×18.8"
A26: Frame | B26: Top rectangle | C26: Al angle 1.5"x1.5"x1/8" | D26: 4 | E26: (2)×25.5" + (2)×18.8"
A27: Slides | B27: Tray slide angles | C27: Al angle 1"x1"x1/16" | D27: 40 | E27: 23.0" long; two per level
A28: Bracing | B28: Mid cross braces | C28: Al flat 1.5"x1/8" | D28: 2 | E28: 18.5"
A29: Stops | B29: Rear tray stops | C29: Al flat 1"x1/8" | D29: 20 | E29: 15.5" (optional)
A30: Casters | B30: Swivel (2 lock, 2 swivel) | C30: 5" TPR, top-plate | D30: 4 | E30: ≥250 lb each
A31: Lighting | B31: LED bars (IP65) | C31: 20–22"; 12–18 W; 24 VDC | D31: 20 | E31: One per level
A32: Lighting | B32: Angle brackets | C32: 15° tilt, SS low-profile | D32: 20 | E32: Front underside of level above
A33: Lighting | B33: Wiring harness | C33: 24 VDC trunk + QD | D33: 1 | E33: 20 taps
A34: Irrigation | B34: Rear rail/level | C34: 1/4" poly + 3 misters | D34: 20 | E34: Anti-drip 7–10 L/hr @ 30–40 psi
A35: Irrigation | B35: Vertical header | C35: 1/2" PEX or PVC | D35: 1 | E35: Feeds all levels
... A41: Electrical | B41: Power supply | C41: 24 VDC 320–480 W | D41: 1 | E41: Size to LED choice
A42: Fasteners | B42: Rivets/bolts | C42: SS assorted | D42: ~260
A43: Labels | B43: Channel/clip labels | C43: Tray ID holders | D43: 20 | E43: Optional

Sheet Shared_BOM
A1: Component | B1: Spec | C1: Qty | D1: Notes
A2: Feed pump | B2: ~5 gpm @ 50 psi | C2: 1 | D2: Covers 2 racks ON simultaneously + margin
A3: Primary filter | B3: 100 mesh spin-down or disc | C3: 1 | D3: Before manifold
A4: Backflow | B4: RPZ or DCVA per code | C4: 1 | D4: Protects potable source
A5: Manifold header | B5: 1" with 6 takeoffs | C5: 1 | D5: Ball valve + QC per rack
A6: Solenoid control | B6: 24 VDC outputs | C6: 6 | D6: One per rack (timer/PLC/relay)
A7: Line to rack | B7: 3/4" hose + dry-break QC | C7: 6 | D7: Quick connect/disconnect
A8: Bleed/flush | B8: Manual bleeder at end | C8: 1 | D8: De-air + flushing

Sheet Purchase_List
A1: Category | B1: Item | C1: Spec | D1: Qty per Slim-16 | E1: Qty per Tall-20 | F1: Total Qty (by counts) | G1: Unit Price | H1: Ext. Price | I1: Notes
A2: Frame | B2: Uprights | C2: Aluminum angle 1.5"x1.5"x1/8" | D2: 4 | E2: 0 | F2: =D2*Inputs!$B$3+E2*Inputs!$B$4 | H2: =F2*G2 | I2: 68" tall
A3: Frame | B3: Base rectangle | C3: Al angle 1.5"x1.5"x1/8" | D3: 4 | E3: 4 | F3: =D3*Inputs!$B$3+E3*Inputs!$B$4 | H3: =F3*G3 | I3: (2)×25.5" + (2)×18.8"
A4: Frame | B4: Top rectangle | C4: Al angle 1.5"x1.5"x1/8" | D4: 4 | E4: 4 | F4: =D4*Inputs!$B$3+E4*Inputs!$B$4 | H4: =F4*G4 | I4: (2)×25.5" + (2)×18.8"
A5: Slides | B5: Tray slide angles | C5: Al angle 1"x1"x1/16" | D5: 32 | E5: 40 | F5: =D5*Inputs!$B$3+E5*Inputs!$B$4 | H5: =F5*G5 | I5: 23.0" long; two per level
A6: Bracing | B6: Mid cross braces | C6: Al flat 1.5"x1/8" | D6: 2 | E6: 0 | F6: =D6*Inputs!$B$3+E6*Inputs!$B$4 | H6: =F6*G6 | I6: 18.5" (front & rear)
A7: Stops | B7: Rear tray stops | C7: Al flat 1"x1/8" | D7: 16 | E7: 20 | F7: =D7*Inputs!$B$3+E7*Inputs!$B$4 | H7: =F7*G7 | I7: 15.5" (optional)
A8: Casters | B8: Swivel (2 lock, 2 swivel) | C8: 5" TPR, top-plate | D8: 4 | E8: 4 | F8: =D8*Inputs!$B$3+E8*Inputs!$B$4 | H8: =F8*G8 | I8: ≥250 lb each
A9: Lighting | B9: LED bars (IP65) | C9: 20–22"; 12–18 W; 24 VDC | D9: 16 | E9: 20 | F9: =D9*Inputs!$B$3+E9*Inputs!$B$4 | H9: =F9*G9 | I9: One per level
A10: Lighting | B10: Angle brackets | C10: 15° tilt, SS low-profile | D10: 16 | E10: 0 | F10: =D10*Inputs!$B$3+E10*Inputs!$B$4 | H10: =F10*G10 | I10: Mount to underside of slide above (front)
A11: Lighting | B11: Wiring harness | C11: 24 VDC trunk + QD | D11: 1 | E11: 0 | F11: =D11*Inputs!$B$3+E11*Inputs!$B$4 | H11: =F11*G11 | I11: 16 taps
A12: Irrigation | B12: Rear rail/level | C12: 1/4" poly + 3 misters | D12: 16 | E12: 20 | F12: =D12*Inputs!$B$3+E12*Inputs!$B$4 | H12: =F12*G12 | I12: Anti-drip 7–10 L/hr @ 30–40 psi
A13: Irrigation | B13: Vertical header | C13: 1/2" PEX or PVC | D13: 1 | E13: 1 | F13: =D13*Inputs!$B$3+E13*Inputs!$B$4 | H13: =F13*G13 | I13: Feeds all levels
... A21: Labels | B21: Channel/clip labels | C21: Tray ID holders | D21: 16 | E21: 20 | F21: =D21*Inputs!$B$3+E21*Inputs!$B$4 | H21: =F21*G21 | I21: Optional
C22: Aluminum angle 1.5"x1.5"x1/8" | D22: 0 | E22: 4 | F22: =D22*Inputs!$B$3+E22*Inputs!$B$4 | H22: =F22*G22
C23: Al flat 1.5"x1/8" | D23: 0 | E23: 2 | F23: =D23*Inputs!$B$3+E23*Inputs!$B$4 | H23: =F23*G23
C24: 15° tilt, SS low-profile | D24: 0 | E24: 20 | F24: =D24*Inputs!$B$3+E24*Inputs!$B$4 | H24: =F24*G24
C25: 24 VDC trunk + QD | D25: 0 | E25: 1 | F25: =D25*Inputs!$B$3+E25*Inputs!$B$4 | H25: =F25*G25
C26: 24 VDC 320–480 W | D26: 0 | E26: 1 | F26: =D26*Inputs!$B$3+E26*Inputs!$B$4 | H26: =F26*G26
C27: SS assorted | D27: 0 | E27: 0 | F27: =D27*Inputs!$B$3+E27*Inputs!$B$4 | H27: =F27*G27
G28: TOTAL | H28: =SUM(H2:H27)

Sheet Power_Water_Sizing
A1: Power & Water Sizing (auto)
A3: LED power per level (W) | B3: =Inputs!B6
A4: Levels per Slim-16 | B4: 16
A5: Levels per Tall-20 | B5: 20
A6: Slim-16 count | B6: =Inputs!B3
A7: Tall-20 count | B7: =Inputs!B4
A8: Max racks ON simultaneously | B8: =Inputs!B7
A10: Total LED power (W) | B10: =(B3*B4*B6)+(B3*B5*B7)
A11: Estimated daily kWh @16h | B11: =B10*16/1000
A13: Flow per level (gpm) | B13: 0.106
A14: Total flow/rack Slim-16 (gpm) | B14: =B13*B4
A15: Total flow/rack Tall-20 (gpm) | B15: =B13*B5
A16: Pump flow sizing (gpm) | B16: =MAX(B14,B15)*B8
A17: Suggested pump (gpm @ 50 psi) | B17: =ROUNDUP(B16+0.5,0)
