Workbook

Sheet Config
A1: Key | B1: Phase 0.8 | C1: Phase 1 | D1: Phase 2 | E1: Units | F1: Notes
A2: Microgreens_trays_per_month_low | B2: 80 | C2: 200 | D2: 400 | E2: trays/mo | F2: Use 'high' for range upper bound
A3: Microgreens_trays_per_month_high | B3: 80 | C3: 400 | D3: 9999 | E3: trays/mo | F3: 9999 = open upper bound
A4: Carbon_tCO2e_per_year | B4: 0 | C4: 18 | D4: 36 | E4: tCO2e/yr | F4: Set 0.8 to 0 unless you claim transport/renewables early
A5: Water_Reuse_percent_low | B5: 0 | C5: 0 | D5: 0 | E5: % | F5: Enter measured baselines as meters come online
A6: Water_Reuse_percent_high | B6: 0 | C6: 0 | D6: 100 | E6: %
A7: Renewable_percent_low | B7: 0 | C7: 70 | D7: 92 | E7: %
A8: Renewable_percent_high | B8: 50 | C8: 70 | D8: 100 | E8: %
A9: Youth_Trained_per_year | B9: 3 | C9: 6 | D9: 12 | E9: people/yr
A10: Delivery_Radius_miles_max | B10: 10 | C10: 15 | D10: 15 | E10: miles
A11: Selected_Phase | B11: 0.8 | C11: Valid values: 0.8, 1, 2

Sheet Factor_Sources
A1: Factor_Name | B1: Suggested_Source | C1: URL_or_Document | D1: Notes
A2: gCO2e_per_mile_van | B2: EPA or DEFRA emission factors | D2: Match vehicle class
A3: gCO2e_per_mile_EV | B3: Utility/ISO marginal intensity + EV efficiency | D3: Localize if possible
A4: kgCO2e_per_kg_organic | B4: EPA WARM / peer-reviewed compost factors | D4: Use diversion-to-compost or substrate reuse
A5: kgCO2e_per_kWh_grid | B5: Utility renewable content report / eGrid | D5: Annual average or marginal

Sheet README
A1: ABCFarmsIL — MRV Kit (How to Use)
A3: 1) Enter logs in Harvest, Deliveries, Diversion, Energy, Water, and Workforce tabs.
A4: 2) Update factor values on the Factors tab; then record source links on Factor_Sources.
A5: 3) Select your current phase in Config!B11
A6: 4) Monthly_Rollup will compute KPI values and show whether you are meeting phase targets.
A7: 5) Keep PDFs/CSVs of bills and logs as verification artifacts (see Metrics Dictionary).
A8: Tip: Vehicle_Type is validated (Van/EV/Bike/Cargo_Bike/Car). Miles and kWh must be non-negative.

Sheet Harvest
A1: Date | B1: BatchID | C1: Trays_Harvested | D1: Sellable_Trays | E1: Photo_Proof | F1: InvoiceID | G1: Month
A2: 46023 | B2: H-001 | C2: 20 | D2: 20 | E2: Y | F2: INV-1001 | G2: 2026-01
A3: 46030 | B3: H-002 | C3: 20 | D3: 19 | E3: Y | F3: INV-1002 | G3: 2026-01
A4: 46037 | B4: H-003 | C4: 20 | D4: 20 | E4: Y | F4: INV-1003 | G4: 2026-01
A5: 46044 | B5: H-004 | C5: 20 | D5: 20 | E5: Y | F5: INV-1004 | G5: 2026-01

Sheet Deliveries
A1: Date | B1: OrderID | C1: Miles_OneWay | D1: Vehicle_Type | E1: Month
A2: 46024 | B2: ORD-1 | C2: 6.5 | D2: Van | E2: 2026-01
A3: 46031 | B3: ORD-2 | C3: 8.2 | D3: Van | E3: 2026-01
A4: 46038 | B4: ORD-3 | C4: 7.9 | D4: EV | E4: 2026-01
A5: 46045 | B5: ORD-4 | C5: 9.1 | D5: Van | E5: 2026-01

Sheet Diversion
A1: Date | B1: Material | C1: Mass_kg | D1: Month
A2: 46028 | B2: Plant trimmings | C2: 25 | D2: 2026-01
A3: 46043 | B3: Spent substrate | C3: 30 | D3: 2026-01

Sheet Energy
A1: Month | B1: Inverter_kWh | C1: Utility_kWh
A2: 2026-01 | B2: 350 | C2: 500

Sheet Water
A1: Month | B1: Recirc_Volume_L | C1: Makeup_Volume_L
A2: 2026-01 | B2: 9000 | C2: 6000

Sheet Workforce
A1: Quarter | B1: Paid_Hours | C1: FTE_Calc | D1: Youth_Trained_This_Qtr
A2: 2026-Q1 | B2: 260 | C2: =Paid_Hours/520 | D2: 1

Sheet Factors
A1: Factor_Name | B1: Value | C1: Units | D1: Notes
A2: gCO2e_per_mile_van | B2: 404 | C2: gCO2e/mile | D2: Source placeholder—replace with local/utility factors
A3: gCO2e_per_mile_EV | B3: 100 | C3: gCO2e/mile | D3: EV placeholder
A4: kgCO2e_per_kg_organic | B4: 1.9 | C4: kgCO2e/kg | D4: Compost diversion placeholder
A5: kgCO2e_per_kWh_grid | B5: 0.4 | C5: kgCO2e/kWh | D5: Utility grid intensity placeholder

Sheet Carbon_Calc
A1: Metric | B1: Value_tCO2e
A2: Transport_Avoided_tCO2e | B2: =SUMPRODUCT(Deliveries!C2:C5,IF(Deliveries!D2:D5="EV",Factors!B3/1000,Factors!B2/1000))/1000
A3: Diversion_tCO2e | B3: =SUM(Diversion!C2:C3)*Factors!B4/1000
A4: Renewables_Displacement_tCO2e | B4: =Energy!B2*Factors!B5/1000
A5: Operational_Energy_tCO2e | B5: =Energy!C2*Factors!B5/1000
A6: Net_tCO2e | B6: =B2+B3+B4-B5

Sheet Monthly_Rollup
A1: Month | B1: Trays_Sellable | C1: Carbon_tCO2e | D1: Water_Reuse_% | E1: Renewable_Energy_% | F1: Jobs_FTE_Qtr | G1: Youth_Trained_Qtr | H1: Max_Delivery_Miles | J1: Selected Phase | K1: Microgreens Target (low) | L1: Microgreens Target (high) | M1: Carbon Target (tCO2e/yr) | N1: Renewables Target (low %) | O1: Renewables Target (high %) | P1: Youth/Year Target | Q1: Delivery Radius Max (mi) | R1: Microgreens In-Range? | S1: Carbon ≥ Target? | T1: Renewables In-Range? | U1: Youth ≥ Target? | V1: Delivery ≤ Max?
A2: 2026-01 | B2: =SUMIFS(Harvest!D:D,Harvest!G:G,A2) | C2: =Carbon_Calc!B2 | D2: =ROUND(Water!B2/(Water!B2+Water!C2)*100,1) | E2: =ROUND(Energy!B2/(Energy!B2+Energy!C2)*100,1) | F2: =Workforce!C2 | G2: =Workforce!D2 | H2: =MAX(Deliveries!C:C) | J2: =Config!B11 | K2: =IF(J2="0.8",Config!B2,IF(J2="1",Config!C2,Config!D2)) | L2: =IF(J2="0.8",Config!B3,IF(J2="1",Config!C3,Config!D3)) | M2: =IF(J2="0.8",Config!B4,IF(J2="1",Config!C4,Config!D4)) | N2: =IF(J2="0.8",Config!B7,IF(J2="1",Config!C7,Config!D7)) | O2: =IF(J2="0.8",Config!B8,IF(J2="1",Config!C8,Config!D8)) | P2: =IF(J2="0.8",Config!B9,IF(J2="1",Config!C9,Config!D9)) | Q2: =IF(J2="0.8",Config!B10,IF(J2="1",Config!C10,Config!D10)) | R2: =AND(B2>=K2,B2<=L2) | S2: =C2>=M2 | T2: =AND(D2>=N2,D2<=O2) | U2: =G2>=P2 | V2: =H2<=Q2
